{
    "$schema": "https://schema.management.azure.com/schemas/2018-05-01/subscriptionDeploymentTemplate.json#",
    "contentVersion": "1.0.0.0",
    "parameters": {
        "policyAssignmentName": {
            "type": "string",
            "metadata": {
                "description": "Specifies the name of the policy assignment, can be used defined or an idempotent name as the defaultValue provides."
            }
        },
        "policyDefinitionID": {
            "type": "string",
            "metadata": {
                "description": "Specifies the ID of the policy definition or policy set definition being assigned."
            }
        },
        "displayName": {
            "type": "string",
            "metadata": {
                "description": "displayName"
            }
        },
        "scope": {
            "type": "string",
            "metadata": {
                "description": "scope"
            }
        },
        "location": {
            "type": "string",
            "metadata": {
                "description": "scope"
            }
        }
    },
    "resources": [
        {
            "type": "Microsoft.Authorization/policyAssignments",
            "name": "[parameters('policyAssignmentName')]",
            "apiVersion": "2018-05-01",
            "properties": {
                "scope": "[parameters('scope')]",
                "displayName": "[parameters('displayName')]",
                "policyDefinitionId": "[tenantResourceId('Microsoft.Authorization/policySetDefinitions', parameters('policyDefinitionID'))]",
                "parameters": {

                    "installedApplicationsOnWindowsVM": { "value": "*" },
                    "DeployDiagnosticSettingsforNetworkSecurityGroupsrgName": { "value": "DefaultResourceGroup-EUS" },
                    "DeployDiagnosticSettingsforNetworkSecurityGroupsstoragePrefix": { "value": "diag" },
                    "CertificateThumbprints": { "value": "*" }
                }
                
            },
            "identity": {
                "type": "SystemAssigned"
            },
            "location":"[parameters('location')]"
        }
    ]
}