{
    "$schema": "https://schema.management.azure.com/schemas/2015-01-01/deploymentParameters.json#",
    "contentVersion": "1.0.0.0",
    "parameters": {
        "location": {
            "value": "{location}"
        },
        "virtualMachine_name": {
            "value": "{prefix}{rand}vm01"
        },
        "virtualMachine_size": {
            "value": "{vmSize}"
        },
        "virtualMachine_admin": {
            "value": "{prefix}{rand}adm"
        },
        "storageAccount_name": {
            "value": "{prefix}{rand}storage"
        },
        "container_name": {
            "value": "{containerName}"
        },
        "networkInterface_name": {
            "value": "{prefix}{rand}vm01-nic"
        },
        "publicIPAddresses_name": {
            "value": "{prefix}{rand}vm01-pip"
        },
        "networkSecurityGroup_name": {
            "value": "{prefix}{rand}-vm-nsg"
        },
        "virtualNetwork_name": {
            "value": "{prefix}{rand}-vm-vnet"
        },
        "adf_apiVersion": {
            "value": "2018-06-01"
        },
        "adf_name": {
            "value":"{prefix}{rand}-adf"
        },
        "keyvvault_name": {
            "value": "{prefix}{rand}-kv"
        },
        "loganalytics_name": {
            "value": "{prefix}{rand}-loganalytics"
        },
        "currentClientIp": {
            "value": "{currentClientIp}"
        },
        "adminPassword": {
            "value": "{adminPassword}"
        },
        "currentUserId": {
            "value": "{currentUserId}"
        },
        "tenantId": {
            "value": "{tenantId}"
        },
        "bastionHost_name":{
            "value": "{prefix}{rand}bastion"
        },
        "dataDisks": {
            "value": [
                {
                    "lun": 0,
                    "createOption": "attach",
                    "caching": "None",
                    "writeAcceleratorEnabled": false,
                    "id": null,
                    "name": "{prefix}{rand}vm_DataDisk_0",
                    "storageAccountType": null,
                    "diskSizeGB": null,
                    "diskEncryptionSet": null
                }
            ]
        },
        "dataDiskResources": {
            "value": [
                {
                    "name": "{prefix}{rand}vm_DataDisk_0",
                    "sku": "StandardSSD_LRS",
                    "properties": {
                        "diskSizeGB": 1024,
                        "creationData": {
                            "createOption": "empty"
                        }
                    }
                }
            ]
        }
    }
}