{
    "$schema": "https://schema.management.azure.com/schemas/2019-04-01/deploymentTemplate.json#",
    "contentVersion": "1.0.0.0",
    "parameters": {
        "storageName": {
            "type": "String"
        },
        "keyVaultName": {
            "type": "String"
        },
        "vnetName": {
            "type": "String"
        },
        "vmNICName": {
            "type": "String"
        },
        "vmPIP": {
            "type": "String"
        },
        "nsgName": {
            "type": "String"
        },
        "settingNameSuffix": {
            "type": "String"
        },
        "workspaceId": {
            "type": "String"
        },
        "storageAccountId": {
            "type": "String"
        }
    },
    "resources": [
        {
            "type": "Microsoft.Storage/storageAccounts/providers/diagnosticSettings",
            "name": "[concat(parameters('storageName'), '/microsoft.insights/', concat(parameters('storageName'),parameters('settingNameSuffix')))]",
            "apiVersion": "2017-05-01-preview",
            "properties": {
                "storageAccountId": "[resourceId('Microsoft.Storage/storageAccounts/', parameters('storageAccountId'))]",
                "workspaceId": "[resourceId('microsoft.operationalinsights/workspaces/', parameters('workspaceId'))]",
                "logs": [],
                "metrics": [
                    {
                        "category": "Transaction",
                        "enabled": true,
                        "retentionPolicy": {
                            "days": 365,
                            "enabled": true
                        },
                        "timeGrain": null
                    },
                    {
                        "category": "Capacity",
                        "enabled": false,
                        "retentionPolicy": {
                            "days": 0,
                            "enabled": false
                        },
                        "timeGrain": null
                    }
                ]
            }
        },
        {
            "type": "Microsoft.KeyVault/vaults/providers/diagnosticSettings",
            "name": "[concat(parameters('keyVaultName'), '/microsoft.insights/', concat(parameters('keyVaultName'),parameters('settingNameSuffix')))]",
            "apiVersion": "2017-05-01-preview",
            "properties": {
                "storageAccountId": "[resourceId('Microsoft.Storage/storageAccounts/', parameters('storageAccountId'))]",
                "workspaceId": "[resourceId('microsoft.operationalinsights/workspaces/', parameters('workspaceId'))]",
                "logs": [
                    {
                        "category": "AuditEvent",
                        "enabled": true,
                        "retentionPolicy": {
                            "enabled": true,
                            "days": 365
                        }
                    }
                ],
                "metrics": [
                    {
                        "category": "AllMetrics",
                        "enabled": true,
                        "retentionPolicy": {
                            "days": 365,
                            "enabled": true
                        },
                        "timeGrain": null
                    }
                ]
            }
        },
        {
            "type": "Microsoft.Network/virtualNetworks/providers/diagnosticSettings",
            "name": "[concat(parameters('vnetName'), '/microsoft.insights/', concat(parameters('vnetName'),parameters('settingNameSuffix')))]",
            "apiVersion": "2017-05-01-preview",
            "properties": {
                "storageAccountId": "[resourceId('Microsoft.Storage/storageAccounts/', parameters('storageAccountId'))]",
                "workspaceId": "[resourceId('microsoft.operationalinsights/workspaces/', parameters('workspaceId'))]",
                "logs": [
                    {
                        "category": "VMProtectionAlerts",
                        "enabled": true,
                        "retentionPolicy": {
                            "enabled": true,
                            "days": 365
                        }
                    }
                ],
                "metrics": [
                    {
                        "category": "AllMetrics",
                        "enabled": true,
                        "retentionPolicy": {
                            "days": 365,
                            "enabled": true
                        },
                        "timeGrain": null
                    }
                ]
            }
        },
        {
            "type": "Microsoft.Network/publicIPAddresses/providers/diagnosticSettings",
            "name": "[concat(parameters('vmPIP'), '/microsoft.insights/', concat(parameters('vmPIP'),parameters('settingNameSuffix')))]",
            "apiVersion": "2017-05-01-preview",
            "properties": {
                "storageAccountId": "[resourceId('Microsoft.Storage/storageAccounts/', parameters('storageAccountId'))]",
                "workspaceId": "[resourceId('microsoft.operationalinsights/workspaces/', parameters('workspaceId'))]",
                "logs": [
                    {
                        "category": "DDoSMitigationFlowLogs",
                        "enabled": true,
                        "retentionPolicy": {
                            "enabled": true,
                            "days": 365
                        }
                    },
                    {
                        "category": "DDoSMitigationReports",
                        "enabled": true,
                        "retentionPolicy": {
                            "enabled": true,
                            "days": 365
                        }
                    },
                    {
                        "category": "DDoSProtectionNotifications",
                        "enabled": true,
                        "retentionPolicy": {
                            "enabled": true,
                            "days": 365
                        }
                    }
                ],
                "metrics": [
                    {
                        "category": "AllMetrics",
                        "enabled": true,
                        "retentionPolicy": {
                            "days": 365,
                            "enabled": true
                        },
                        "timeGrain": null
                    }
                ]
            }

        },
        {
            "type": "Microsoft.Network/networkSecurityGroups/providers/diagnosticSettings",
            "name": "[concat(parameters('nsgName'), '/microsoft.insights/', concat(parameters('nsgName'),parameters('settingNameSuffix')))]",
            "apiVersion": "2017-05-01-preview",
            "properties": {
                "storageAccountId": "[resourceId('Microsoft.Storage/storageAccounts/', parameters('storageAccountId'))]",
                "workspaceId": "[resourceId('microsoft.operationalinsights/workspaces/', parameters('workspaceId'))]",
                "logs": [
                    {
                        "category": "NetworkSecurityGroupEvent",
                        "enabled": true,
                        "retentionPolicy": {
                            "days": 365,
                            "enabled": true
                        }
                    },
                    {
                        "category": "NetworkSecurityGroupRuleCounter",
                        "enabled": true,
                        "retentionPolicy": {
                            "days": 365,
                            "enabled": true
                        }
                    }
                ],
                "metrics": [

                ]
            }
        },
        {
            "type": "Microsoft.Network/networkInterfaces/providers/diagnosticSettings",
            "name": "[concat(parameters('vmNICName'), '/microsoft.insights/', concat(parameters('vmNICName'),parameters('settingNameSuffix')))]",
            "apiVersion": "2017-05-01-preview",
            "properties": {
                "storageAccountId": "[resourceId('Microsoft.Storage/storageAccounts/', parameters('storageAccountId'))]",
                "workspaceId": "[resourceId('microsoft.operationalinsights/workspaces/', parameters('workspaceId'))]",
                "logs": [
                ],
                "metrics": [
                    {
                        "category": "AllMetrics",
                        "enabled": true,
                        "retentionPolicy": {
                            "days": 365,
                            "enabled": true
                        },
                        "timeGrain": null
                    }
                ]
            }
        }
    ]
}