{
    "$schema": "https://schema.management.azure.com/schemas/2019-04-01/deploymentTemplate.json#",
    "contentVersion": "1.0.0.0",
    "parameters": {
        "location": {
            "defaultValue": null,
            "type": "string"
        },
        "virtualMachine_name": {
            "defaultValue": null,
            "type": "string"
        },
        "virtualMachine_size": {
            "defaultValue": null,
            "type": "string"
        },
        "virtualMachine_admin": {
            "defaultValue": null,
            "type": "string"
        },
        "storageAccount_name": {
            "defaultValue": null,
            "type": "string"
        },
        "container_name": {
            "defaultValue": null,
            "type": "string"
        },
        "networkInterface_name": {
            "defaultValue": null,
            "type": "string"
        },
        "publicIPAddresses_name": {
            "defaultValue": null,
            "type": "string"
        },
        "networkSecurityGroup_name": {
            "defaultValue": null,
            "type": "string"
        },
        "virtualNetwork_name": {
            "defaultValue": null,
            "type": "string"
        },
        "adf_apiVersion": {
            "defaultValue": null,
            "type": "String"
        },
        "adf_name": {
            "defaultValue": null,
            "type": "String"
        },
        "keyvvault_name": {
            "defaultValue": null,
            "type": "String"
        },
        "loganalytics_name": {
            "defaultValue": null,
            "type": "string"
        },
        "currentClientIp":{
            "defaultValue": null,
            "type": "string"
        },
          "sshPubKey":{
            "defaultValue": null,
            "type": "string"
        },
          "currentUserId":{
            "defaultValue": null,
            "type": "string"
        },
        "tenantId":{
            "defaultValue": null,
            "type": "string"
        },
        "bastionHost_name":{
            "defaultValue": null,
            "type": "string"
        }
    },
    "variables": {
        "currentClientIp": "[parameters('currentClientIp')]",
        "sshPubKey": "[parameters('sshPubKey')]",
        "currentUserId": "[parameters('currentUserId')]",
        "tenantId": "[parameters('tenantId')]"
    },
    "resources": [
        {
            "type": "Microsoft.Network/networkSecurityGroups",
            "apiVersion": "2019-09-01",
            "name": "[parameters('networkSecurityGroup_name')]",
            "location": "[parameters('location')]",
            "properties": {
                "securityRules": [
                    {
                        "name": "LetsEncrypt",
                        "properties": {
                            "protocol": "Tcp",
                            "sourcePortRange": "*",
                            "destinationPortRange": "80",
                            "destinationAddressPrefix": "*",
                            "access": "Allow",
                            "priority": 1011,
                            "direction": "Inbound",
                            "sourcePortRanges": [
                            ],
                            "destinationPortRanges": [
                            ],
                            "sourceAddressPrefix": "*",
                            "destinationAddressPrefixes": [
                            ]
                        }
                    },
                    {
                        "name": "JupyterHub",
                        "properties": {
                            "protocol": "Tcp",
                            "sourcePortRange": "*",
                            "destinationPortRange": "8000",
                            "destinationAddressPrefix": "*",
                            "access": "Allow",
                            "priority": 1010,
                            "direction": "Inbound",
                            "sourcePortRanges": [
                            ],
                            "destinationPortRanges": [
                            ],
                            "sourceAddressPrefixes": [
                                "[variables('currentClientIp')]"
                            ],
                            "destinationAddressPrefixes": [
                            ]
                        }
                    },
                    {
                        "name": "RStudio_Server",
                        "properties": {
                            "protocol": "Tcp",
                            "sourcePortRange": "*",
                            "destinationPortRange": "8787",
                            "destinationAddressPrefix": "*",
                            "access": "Allow",
                            "priority": 1020,
                            "direction": "Inbound",
                            "sourcePortRanges": [
                            ],
                            "destinationPortRanges": [
                            ],
                            "sourceAddressPrefixes": [
                                "[variables('currentClientIp')]"
                            ],
                            "destinationAddressPrefixes": [
                            ]
                        }
                    },
                    {
                        "name": "SSH",
                        "properties": {
                            "protocol": "Tcp",
                            "sourcePortRange": "*",
                            "destinationPortRange": "22",
                            "destinationAddressPrefix": "*",
                            "access": "Allow",
                            "priority": 1030,
                            "direction": "Inbound",
                            "sourcePortRanges": [
                            ],
                            "destinationPortRanges": [
                            ],
                            "sourceAddressPrefixes": [
                                "[variables('currentClientIp')]"
                            ],
                            "destinationAddressPrefixes": [
                            ]
                        }
                    },
                    {
                        "name": "AllowGetSessionInformation",
                        "properties": {
                            "protocol": "*",
                            "sourcePortRange": "*",
                            "destinationPortRange": "80",
                            "sourceAddressPrefix": "*",
                            "destinationAddressPrefix": "Internet",
                            "access": "Allow",
                            "priority": 1080,
                            "direction": "Outbound",
                            "sourcePortRanges": [],
                            "destinationPortRanges": [],
                            "sourceAddressPrefixes": [],
                            "destinationAddressPrefixes": []
                        }
                    },
                    {
                        "name": "AllowAzureCloudOutbound",
                        "properties": {
                            "protocol": "TCP",
                            "sourcePortRange": "*",
                            "destinationPortRange": "443",
                            "sourceAddressPrefix": "*",
                            "destinationAddressPrefix": "AzureCloud",
                            "access": "Allow",
                            "priority": 1070,
                            "direction": "Outbound",
                            "sourcePortRanges": [],
                            "destinationPortRanges": [],
                            "sourceAddressPrefixes": [],
                            "destinationAddressPrefixes": []
                        }
                    },
                    {
                        "name": "AllowSshRdpOutbound",
                        "properties": {
                            "protocol": "*",
                            "sourcePortRange": "*",
                            "sourceAddressPrefix": "*",
                            "destinationAddressPrefix": "VirtualNetwork",
                            "access": "Allow",
                            "priority": 1060,
                            "direction": "Outbound",
                            "sourcePortRanges": [],
                            "destinationPortRanges": [
                                "22",
                                "3389"
                            ],
                            "sourceAddressPrefixes": [],
                            "destinationAddressPrefixes": []
                        }
                    },
                    {
                        "name": "AllowGatewayManagerInbound",
                        "properties": {
                            "protocol": "TCP",
                            "sourcePortRange": "*",
                            "destinationPortRange": "443",
                            "sourceAddressPrefix": "GatewayManager",
                            "destinationAddressPrefix": "*",
                            "access": "Allow",
                            "priority": 1050,
                            "direction": "Inbound",
                            "sourcePortRanges": [],
                            "destinationPortRanges": [],
                            "sourceAddressPrefixes": [],
                            "destinationAddressPrefixes": []
                        }
                    },
                    {
                        "name": "AllowBastionHostCommunication",
                        "properties": {
                            "protocol": "*",
                            "sourcePortRange": "*",
                            "sourceAddressPrefix": "VirtualNetwork",
                            "destinationAddressPrefix": "*",
                            "access": "Allow",
                            "priority": 1040,
                            "direction": "Inbound",
                            "sourcePortRanges": [],
                            "destinationPortRanges": [
                                "8080",
                                "5701"
                            ],
                            "sourceAddressPrefixes": [],
                            "destinationAddressPrefixes": []
                        }
                    },
                    {
                        "name": "AllowBastionCommunication",
                        "properties": {
                            "protocol": "*",
                            "sourcePortRange": "*",
                            "sourceAddressPrefix": "*",
                            "destinationAddressPrefix": "VirtualNetwork",
                            "access": "Allow",
                            "priority": 1000,
                            "direction": "Outbound",
                            "sourcePortRanges": [],
                            "destinationPortRanges": [
                                "8080",
                                "5701"
                            ],
                            "sourceAddressPrefixes": [],
                            "destinationAddressPrefixes": []
                        }
                    },
                    {
                        "name": "AllowAzureLoadBalancerInbound",
                        "properties": {
                            "protocol": "TCP",
                            "sourcePortRange": "*",
                            "destinationPortRange": "443",
                            "sourceAddressPrefix": "AzureLoadBalancer",
                            "destinationAddressPrefix": "*",
                            "access": "Allow",
                            "priority": 1090,
                            "direction": "Inbound",
                            "sourcePortRanges": [],
                            "destinationPortRanges": [],
                            "sourceAddressPrefixes": [],
                            "destinationAddressPrefixes": []
                        }
                    }
                ]
            }
        },
        {
            "type": "Microsoft.Network/bastionHosts",
            "apiVersion": "2020-11-01",
            "name": "[parameters('bastionHost_name')]",
            "location": "[parameters('location')]",
            "dependsOn": [
                "[resourceId('Microsoft.Network/publicIPAddresses', parameters('publicIPAddresses_name'))]",
                "[resourceId('Microsoft.Network/virtualNetworks',parameters('virtualNetwork_name'))]"
            ],
            "properties": {
                "ipConfigurations": [
                    {
                        "name": "IpConf",
                        "properties": {
                            "privateIPAllocationMethod": "Dynamic",
                            "publicIPAddress": {
                                "id": "[resourceId('Microsoft.Network/publicIPAddresses', parameters('publicIPAddresses_name'))]"
                            },
                            "subnet": {
                                "id": "[resourceId('Microsoft.Network/virtualNetworks/subnets', parameters('virtualNetwork_name'), 'AzureBastionSubnet')]"
                            }
                        }
                    }
                ]
            }
        },        
        {
            "type": "Microsoft.Network/publicIPAddresses",
            "apiVersion": "2020-11-01",
            "name": "[parameters('publicIPAddresses_name')]",
            "location": "[parameters('location')]",
            "sku": {
                "name": "Standard",
                "tier": "Regional"
            },
            "properties": {
                "publicIPAddressVersion": "IPv4",
                "publicIPAllocationMethod": "Static",
                "idleTimeoutInMinutes": 4,
                "ipTags": [
                ]
            }
        },
        {
            "apiVersion": "2020-10-01",
            "name": "[parameters('loganalytics_name')]",
            "location": "[parameters('location')]",
            "type": "Microsoft.OperationalInsights/workspaces",
            "properties": {
                "sku": {
                    "name": "pergb2018"
                }
            }
        },
        {
            "type": "Microsoft.Network/virtualNetworks",
            "apiVersion": "2019-09-01",
            "name": "[parameters('virtualNetwork_name')]",
            "location": "[parameters('location')]",
            "dependsOn": [
                "[resourceId('Microsoft.Network/networkSecurityGroups', parameters('networkSecurityGroup_name'))]"
            ],
            "properties": {
                "addressSpace": {
                    "addressPrefixes": [
                        "10.2.0.0/22"
                    ]
                },
                "subnets": [
                    {
                        "name": "default",
                        "properties": {
                            "addressPrefix": "10.2.0.0/24",
                             "serviceEndpoints": [
                                {
                                    "service": "Microsoft.Storage",
                                    "locations": [
                                        "[parameters('location')]"
                                    ]
                                },
                                {
                                    "service": "Microsoft.KeyVault",
                                    "locations": [
                                        "[parameters('location')]"
                                    ]
                                }
                            ],
                            "delegations": [
                            ],
                            "privateEndpointNetworkPolicies": "Enabled",
                            "privateLinkServiceNetworkPolicies": "Enabled",
                            "networkSecurityGroup": {
                                "id": "[resourceId('Microsoft.Network/networkSecurityGroups', parameters('networkSecurityGroup_name'))]"
                            }
                        }
                    },
                    {
                        "name": "AzureBastionSubnet",
                        "properties": {
                            "addressPrefix": "10.2.1.0/27",
                            "serviceEndpoints": [],
                            "delegations": [],
                            "privateEndpointNetworkPolicies": "Enabled",
                            "privateLinkServiceNetworkPolicies": "Enabled"
                        }
                    }
                ],
                "virtualNetworkPeerings": [
                ],
                "enableDdosProtection": false,
                "enableVmProtection": false
            }
        },
        {
            "type": "Microsoft.Storage/storageAccounts",
            "apiVersion": "2019-04-01",
            "name": "[parameters('storageAccount_name')]",
            "location": "[parameters('location')]",
            "dependsOn":[
                "[resourceId('Microsoft.Network/virtualNetworks', parameters('virtualNetwork_name'))]"
            ],
            "sku": {
                "name": "Standard_LRS",
                "tier": "Standard"
            },
            "kind": "StorageV2",
            "properties": {
                "minimumTlsVersion": "TLS1_2",
                "allowBlobPublicAccess": false,
                "networkAcls": {
                    "bypass": "Logging, Metrics, AzureServices",
                    "virtualNetworkRules": [
                        {
                            "id": "[resourceId('Microsoft.Network/virtualNetworks/subnets', parameters('virtualNetwork_name'), 'default')]",
                            "action": "Allow",
                            "state": "Succeeded"
                        }
                    ],
                    "ipRules": [],
                    "defaultAction": "Deny"
                },
                "supportsHttpsTrafficOnly": true,
                "encryption": {
                    "services": {
                        "file": {
                            "enabled": true
                        },
                        "blob": {
                            "enabled": true
                        }
                    },
                    "keySource": "Microsoft.Storage"
                },
                "accessTier": "Hot"
            }
        },
        {
            "type": "Microsoft.Compute/virtualMachines",
            "apiVersion": "2019-03-01",
            "name": "[parameters('virtualMachine_name')]",
            "location": "[parameters('location')]",
            "dependsOn": [
                "[resourceId('Microsoft.Network/networkInterfaces', parameters('networkInterface_name'))]",
                "[resourceId('Microsoft.Storage/StorageAccounts', parameters('storageAccount_name'))]"
            ],
            "identity": {
                "type": "SystemAssigned"
            },
            "properties": {
                "hardwareProfile": {
                    "vmSize": "[parameters('virtualMachine_size')]"
                },
                "storageProfile": {
                    "imageReference": {
                        "publisher": "microsoft-dsvm",
                        "offer": "linux-data-science-vm-ubuntu",
                        "sku": "linuxdsvmubuntu",
                        "version": "latest"
                    },
                    "osDisk": {
                        "osType": "Linux",
                        "name": "[concat(parameters('virtualMachine_name'), '_OsDisk_1_{rand}')]",
                        "createOption": "FromImage",
                        "caching": "ReadWrite",
                        "managedDisk": {
                            "storageAccountType": "StandardSSD_LRS"
                        },
                        "diskSizeGB": 512
                    },
                    "dataDisks": [
                        {
                            "lun": 0,
                            "name": "[concat(parameters('virtualMachine_name'), '_DataDisk_1_{rand}')]",
                            "createOption": "FromImage",
                            "caching": "ReadOnly",
                            "writeAcceleratorEnabled": false,
                            "managedDisk": {
                                "storageAccountType": "StandardSSD_LRS"
                            },
                            "diskSizeGB": 1024,
                            "toBeDetached": false
                        }
                    ]
                },
                "osProfile": {
                    "computerName": "[parameters('virtualMachine_name')]",
                    "adminUsername": "[parameters('virtualMachine_admin')]",
                    "linuxConfiguration": {
                        "disablePasswordAuthentication": true,
                        "ssh": {
                            "publicKeys": [
                                {
                                    "path": "[concat('/home/', parameters('virtualMachine_admin'), '/.ssh/authorized_keys')]",
                                    "keyData": "[variables('sshPubKey')]"
                                }
                            ]
                        },
                        "provisionVMAgent": true
                    },
                    "secrets": [
                    ],
                    "allowExtensionOperations": true
                },
                "networkProfile": {
                    "networkInterfaces": [
                        {
                            "id": "[resourceId('Microsoft.Network/networkInterfaces', parameters('networkInterface_name'))]"
                        }
                    ]
                },
                "diagnosticsProfile": {
                    "bootDiagnostics": {
                        "enabled": true,
                        "storageUri": "[concat('https://', parameters('storageAccount_name'), '.blob.core.windows.net/')]"
                    }
                }
            }
        },
        {
            "type": "Microsoft.Storage/storageAccounts/blobServices/containers",
            "apiVersion": "2019-04-01",
            "name": "[concat(parameters('storageAccount_name'), '/default/', parameters('container_name'))]",
            "dependsOn": [
                "[resourceId('Microsoft.Storage/storageAccounts', parameters('storageAccount_name'))]"
            ],
            "properties": {
                "publicAccess": "None"
            }
        },
        {
            "type": "Microsoft.Network/networkInterfaces",
            "apiVersion": "2019-09-01",
            "name": "[parameters('networkInterface_name')]",
            "location": "[parameters('location')]",
            "dependsOn": [
                "[resourceId('Microsoft.Network/publicIPAddresses', parameters('publicIPAddresses_name'))]",
                "[resourceId('Microsoft.Network/networkSecurityGroups', parameters('networkSecurityGroup_name'))]",
                "[resourceId('Microsoft.Network/virtualNetworks', parameters('virtualNetwork_name'))]"
            ],
            "properties": {
                "ipConfigurations": [
                    {
                        "name": "ipconfig1",
                        "properties": {
                            "privateIPAddress": "10.2.0.4",
                            "privateIPAllocationMethod": "Dynamic",
                            "subnet": {
                                "id": "[resourceId('Microsoft.Network/virtualNetworks/subnets', parameters('virtualNetwork_name'), 'default')]"
                            },
                            "primary": true,
                            "privateIPAddressVersion": "IPv4"
                        }
                    }
                ],
                "dnsSettings": {
                    "dnsServers": [
                    ]
                },
                "enableAcceleratedNetworking": false,
                "enableIPForwarding": false,
                "networkSecurityGroup": {
                    "id": "[resourceId('Microsoft.Network/networkSecurityGroups', parameters('networkSecurityGroup_name'))]"
                }
            }
        },
        {
            "type": "Microsoft.DataFactory/factories",
            "apiVersion": "[parameters('adf_apiVersion')]",
            "name": "[parameters('adf_name')]",
            "location": "[parameters('location')]",
            "identity": {
                "type": "SystemAssigned"
            },
            "properties": {
            }
        },
        {
            "type": "Microsoft.KeyVault/vaults",
            "apiVersion": "2016-10-01",
            "name": "[parameters('keyvvault_name')]",
            "location": "[parameters('location')]",
            "dependsOn": [
                "[resourceId('Microsoft.Compute/virtualMachines', parameters('virtualMachine_name'))]",
                "[resourceId('Microsoft.Network/virtualNetworks', parameters('virtualNetwork_name'))]"
                
            ],
            "properties": {
                "sku": {
                    "family": "A",
                    "name": "Premium"
                },
                "tenantId": "[variables('tenantId')]",
                "accessPolicies": [
                    {
                        "tenantId": "[variables('tenantId')]",
                        "objectId": "[variables('currentUserId')]",
                        "permissions": {
                            "keys": [
                                "Get",
                                "List",
                                "Update",
                                "Create",
                                "Import",
                                "Delete",
                                "Recover",
                                "Backup",
                                "Restore"
                            ],
                            "secrets": [
                                "Get",
                                "List",
                                "Set",
                                "Delete",
                                "Recover",
                                "Backup",
                                "Restore"
                            ]
                        }

                    },
                    {
                        "tenantId": "[variables('tenantId')]",
                        "objectId": "[reference(resourceId('Microsoft.Compute/virtualMachines', parameters('virtualMachine_name')), '2019-12-01', 'Full').identity.principalId]",
                        "permissions": {
                            "secrets": [
                                "get",
                                "set"
                            ]
                        }
                    }
                ],
                "networkAcls": {
                    "virtualNetworkRules": [
                        {
                            "id": "[resourceId('Microsoft.Network/virtualNetworks/subnets', parameters('virtualNetwork_name'), 'default')]",
                            "action": "Allow",
                            "state": "Succeeded"
                        }
                    ],
                    "ipRules": [],
                    "defaultAction": "Deny"
                },
                "enabledForDeployment": false,
                "enabledForDiskEncryption": true,
                "enabledForTemplateDeployment": true,
                "enableSoftDelete": false,
                "enablePurgeProtection": true
            }
        }
    ]
}