{
    "$schema": "https://schema.management.azure.com/schemas/2015-01-01/deploymentParameters.json#",
    "contentVersion": "1.0.0.0",
    "parameters": {
        "location": {
            "value": "{location}"
        },
        "virtualMachine_name": {
            "value": "{prefix}{rand}vm01"
        },
        "virtualMachine_size": {
            "value": "{vmSize}"
        },
        "virtualMachine_admin": {
            "value": "{prefix}adm"
        },
        "storageAccount_name": {
            "value": "{prefix}{rand}storage"
        },
        "container_name": {
            "value": "{containerName}"
        },
        "networkInterface_name": {
            "value": "{prefix}{rand}vm01-nic"
        },
        "publicIPAddresses_name": {
            "value": "{prefix}{rand}vm01-pip"
        },
        "networkSecurityGroup_name": {
            "value": "{prefix}{rand}-nsg"
        },
        "virtualNetwork_name": {
            "value": "{prefix}{rand}-vnet"
        },
        "adf_apiVersion": {
            "value": "2018-06-01"
        },
        "adf_name": {
            "value":"{prefix}{rand}-adf"
        },
        "keyvvault_name": {
            "value": "{prefix}{rand}-kv"
        },
        "loganalytics_name": {
            "value": "{prefix}{rand}-loganalytics"
        },
        "currentClientIp": {
            "value": "{currentClientIp}"
        },
        "sshPubKey": {
            "value": "{sshPubKey}"
        },
        "currentUserId": {
            "value": "{currentUserId}"
        },
        "tenantId": {
            "value": "{tenantId}"
        },
        "bastionHost_name":{
            "value": "{prefix}{rand}bastion"
        }
    }
}